customer_id,scoop_count,flavor_ids,order_line,paper,satisfied_line,unsatisfied_time,unsatisfied_container,unsatisfied_flavor
CUST-001,1,FLV-018,그냥 바닐라 하나 주세요.,바닐라 하나,역시 바닐라가 최고죠. 감사합니다!,너무 오래 걸리네요. 다 녹았잖아요.,이거 제가 말한 용기가 아닌 것 같은데요?,음... 이거 바닐라 맞아요?
CUST-002,2,FLV-001|FLV-010,민트초코칩이랑 쿠키앤크림 니코요.,"""니코, 민초, 쿠앤크""","우와, 딱 제가 원하던 맛이에요!",기다리다 지쳤어요. 다 녹아버렸는데요?,니코 시켰는데 크기가 다른데요?,제가 시킨 거랑 다른 것 같은데요?
CUST-003,1,FLV-002,"야, 초코맛 하나 컵에 담아줘. 빨리!","""초코 하나""","오, 좀 하네.",뭐가 이렇게 느려? 다 녹았잖아.,용기부터 틀렸잖아. 다시.,별로네.
CUST-004,2,FLV-007|FLV-007,아 무슨 딸기 뭐였는데? 아무튼 니코에 두 스쿱 담아 주세요.,"""니코, 베리베리만""",제 맘을 아는군요!,아 늦었어요. 녹아서 다 흘러내리잖아요.,니코 시켰는데 이 크기 아닌데요?,이건 제가 말한 딸기가 아닌데요...
CUST-005,3,FLV-006|FLV-008|FLV-017,"음… 산코에 체리쥬빌레랑, 레인보우 셔벗, 아 트윈베리도요.","""산코, 체리쥬빌레, 레인보우, 트윈베리""",고민한 보람이 있네요!,고민해서 시켰는데 이렇게 녹여 오시면…,산코라고 했는데… 용기가 다르네요?,이게 제가 말한 맛들 맞나요?
CUST-006,1,FLV-008,"레인보우 셔벗! 하나! 빨리요, 시간 없어요!",레인보우 하나,"빠르고 좋네요, 최고!",시간 없다니까요! 이렇게 느리면 어떡해요!,"아 용기가 이게 아니잖아요, 시간 없는데!","아 진짜 이거 아닌데, 시간 없다니까요!"
CUST-007,6,FLV-001|FLV-001|FLV-001|FLV-001|FLV-001|FLV-001,록코에 민트초코칩 6개. 딱히… 민트초코를 좋아해서 그런거 아니니까.,"""록코, 민초만""",고마워…,늦었잖아. 딱히 기다린 건 아니지만… 다 녹았어.,록코라고 했잖아… 크기가 왜 이래.,역시 기대한 내가 바보였어.
CUST-008,4,FLV-009|FLV-013|FLV-015|FLV-016,"욘코요. 초콜릿 무스, 자모카, 피스타치오, 프랄린 크림!","""욘코, 무스, 자모카, 피스타, 프랄린""",역시 많이 담아야 제맛! 감사합니다.,배고파 죽겠는데 왜 이리 늦어요. 다 녹았네.,욘코 시켰는데 이렇게 작은 걸로요? 부족해요.,이걸로는 간에 기별도 안 가요...
CUST-009,3,FLV-005|FLV-018|FLV-010,"산코에 뉴욕 치즈케이크, 바닐라, 쿠키앤크림 정확히 담아주세요.","""산코, 뉴치케, 바닐라, 쿠앤크""",정확하네요. 인정합니다.,시간 관리가 이게 뭡니까. 다 녹았잖아요.,용기부터 틀렸네요. 산코라고 했잖아요.,이거 제가 시킨 맛이 아닌데요. 다시요.
CUST-010,6,FLV-020|FLV-020|FLV-020|FLV-003|FLV-003|FLV-003,록코에 슈팅스타랑 요거트만 넣어주세요.,"""록코, 슈스, 요거트만""",이걸 먹으면 행복해져요.,이 몸을 이리 기다리게 하다니. 다 녹지 않았나.,감히 록코가 아닌 걸 내오다니.,실망이네요.
CUST-011,1,FLV-003,저도 언젠간 저 하늘의 별이 될 수 있을까요?,슈팅스타 하나,빛이 나요.,별이 지도록 기다렸는데… 다 녹아버렸네요.,제가 담길 그릇은 이게 아니었나 봐요…,저는 빛 날 수 없는 존재인가봐요.
CUST-012,1,FLV-014,마음이 소란할 땐 초록이 좋더군요. 잇코에 녹차를… 조용히.,"""잇코, 녹차""",숨이… 트이네요. 고맙습니다.,기다림이 길어 마음이 다시 소란해졌어요…,이 그릇은… 제가 청한 게 아니에요.,제가 찾던 고요함이 아니에요…
CUST-013,2,FLV-018|FLV-002,"운명은 흑과 백! 니코에 바닐라와 초코, 그 두 세계를 담아주오!","""니코, 바닐라, 초코""",브라보! 완벽한 무대였소!,관객을 이리 기다리게 하다니! 막이 다 식었소!,무대의 크기가 틀렸소! 이 그릇이 아니오!,이건… 비극이오. 막을 내리시오.
CUST-014,3,FLV-007|FLV-006|FLV-017,"산코에 딸기, 체리쥬빌레, 트윈베리 담아주세요.","""산코, 딸기, 체리, 트윈""","과일이 가득이네요, 좋아요!",너무 늦었어요. 과일이 다 물러버렸잖아요.,산코라고 했는데 용기가 다르잖아요.,새콤한 게 하나도 없잖아요.
CUST-015,1,FLV-020,삐빅- 주문 접수. 잇코에 요거트 1개. 신속 처리를 요청합니다.,"""잇코, 요거트""","처리 완료. 만족도 100퍼센트. …고맙습니다, 인간님.",경고. 처리 시간 초과. 제품 용해 감지.,오류. 용기 규격 불일치.,오류. 주문 불일치 감지.
CUST-016,4,FLV-001|FLV-010|FLV-009|FLV-013,"실험을 시작하지. 욘코에 민트초코칩, 쿠키앤크림, 초콜릿 무스, 자모카… 반응을 관찰하겠어.","""욘코, 민초, 쿠앤크, 무스, 자모카""",가설이 옳았군. 완벽한 배합이야.,반응 시간 초과. 실험체가 녹아버렸군.,용기 규격이 틀렸군. 실험 조건 불일치야.,실패한 실험이군. 데이터는 폐기다.
CUST-017,2,FLV-004|FLV-015,단서는 고소함에 있지. 니코에 아몬드봉봉과 피스타치오… 사건은 그렇게 시작됐어.,"""니코, 아봉, 피스타""",사건 종결. 완벽한 결말이군.,시간이 범인이군. 단서가 다 녹아버렸어.,용기가 바뀌었군. 이건 내 사건의 그릇이 아니야.,함정이었나. 이건 내가 쫓던 맛이 아니야.
CUST-018,5,FLV-005|FLV-018|FLV-010|FLV-016|FLV-012,"음… 고코에 뉴욕 치즈케이크, 바닐라, 쿠키앤크림, 프랄린 크림, 솜사탕이요.","""고코, 뉴치케, 바닐라, 쿠앤크, 프랄린, 솜사탕""",고민한 보람이 있네요!,너무 오래 걸렸네요. 다 녹아버렸어요…,어… 제가 이 용기로 시켰던가요?,제가 이렇게 시켰던가요…?
CUST-019,1,FLV-011,오늘은 잇코에 러브포션! 왠지 좋은 일이 생길 것 같아요.,"""잇코, 러브포션""",행운이 오려나 봐요!,좋은 일이 생길 줄 알았는데… 다 녹아버렸네요.,용기가 다른데요. 이건 좀 아쉽네요.,이건 아닌데. 실망이네요.
CUST-020,3,FLV-002|FLV-019|FLV-009,"산코에 초코, 초콜릿, 초콜릿 무스. 초콜릿으로만 꽉 채워주세요.","""산코, 초코, 초콜릿, 무스""",초콜릿 천국이네요!,초콜릿이 다 녹아 흘러내리잖아요!,산코 시켰는데 용기가 왜 이래요?,초콜릿이 부족한데요?
CUST-021,2,FLV-007|FLV-007,"니코에 딸기 두 개요. 아니, 딸기만요. 진짜 딸기로요.","""니코, 딸기만 둘""",제가 원한 게 이거예요!,딸기가 다 녹았잖아요. 이게 뭐예요.,니코라니까요. 이 용기 아니에요.,딸기가 아닌 것 같은데…
CUST-022,6,FLV-008|FLV-006|FLV-003|FLV-017|FLV-007|FLV-020,"록코! 레인보우 셔벗, 체리쥬빌레, 슈팅스타, 트윈베리, 딸기, 요거트요.","""록코, 레인보우, 체리, 슈스, 트윈, 딸기, 요거트""","무지개 같아요, 최고!",색이 다 녹아서 섞여버렸잖아요.,록코여야 다 담기죠. 이 용기가 아닌데요.,색이 이게 아닌데요.
CUST-023,1,FLV-005,"먼 도시의 골목이 그리워요. 잇코에 뉴욕 치즈케이크 한 조각이면, 돌아간 기분일 텐데.","""잇코, 뉴치케""",아… 그 골목이 떠오르네요. 고마워요.,기다리는 사이 그 골목도 흐려졌네요… 다 녹았어요.,그 골목의 그릇은… 이게 아니었어요.,제 추억은 이런 맛이 아니었어요…
CUST-024,4,FLV-003|FLV-008|FLV-006|FLV-011,"욘코에 슈팅스타, 레인보우 셔벗, 체리쥬빌레, 러브포션이요.","""욘코, 슈스, 레인보우, 체리, 러브포션""",화려해서 마음에 들어요!,느려터졌네. 다 녹았잖아.,용기부터 틀렸네. 최악.,최악.
CUST-025,2,FLV-013|FLV-016,졸려요… 잠 좀 깨게 니코에 자모카랑 프랄린 크림… 부탁… 해요…,"""니코, 자모카, 프랄린""","오, 눈이 좀 떠지네요. 감사…",기다리다… 그냥 잠들 뻔했어요… 다 녹았네요…,용기가… 다른 것 같은데요… 흐암…,이걸론 못 깨겠어요…
CUST-026,3,FLV-018|FLV-018|FLV-018,산코에 바닐라만 세 번. 다른 건 절대 넣지 마세요.,"""산코, 바닐라만 셋""",심플한 게 최고죠.,심플하게 시켰는데 왜 이리 늦어요. 다 녹았네요.,용기가 왜 달라요? 산코라고 했잖아요.,왜 다른 게 섞였죠?
CUST-027,5,FLV-001|FLV-001|FLV-014|FLV-014|FLV-020,"고코에 민트초코칩 둘, 녹차 둘, 요거트 하나요.","""고코, 민초 둘, 녹차 둘, 요거트""",상큼하고 개운해요!,개운하게 먹으려 했는데 다 녹아버렸네요.,고코 시켰는데 이 크기 아닌데요.,이 조합이 아닌데요.
CUST-028,1,FLV-012,잇코에 솜사탕이요! 보기만 해도 기분이 좋아요.,"""잇코, 솜사탕""",달콤해서 행복해요!,너무 오래 걸려요. 다 녹아서 슬퍼요.,이 컵 아니에요. 크기가 달라요.,생각보다 별로네요.
CUST-029,2,FLV-006|FLV-003,니코로 체리쥬빌레랑 슈팅스타 주세요.,"""니코, 체리, 슈스""","별빛 같네요, 감사합니다.",별빛이 다 사라졌어요. 너무 녹아버렸네요.,니코라고 했는데 용기가 다르네요.,제가 시킨 맛이 아닌데요.
CUST-030,6,FLV-011|FLV-011|FLV-011|FLV-011|FLV-011|FLV-011,"오늘은 특별한 날! 록코에 러브포션만 여섯 개, 전부 채워주세요.","""록코, 러브포션 여섯""",완벽해요. 잊지 못할 거예요!,특별한 날인데… 다 녹아버렸네요. 아쉬워요.,"특별한 날인데 용기부터 틀리다니, 아쉬워요.","이런 실수라니, 아쉽네요."
